geoname,lntitle,geoid,lnnumber,tot_est,tot_moe,adu_est,adu_moe,cit_est,cit_moe,cvap_est,cvap_moe
Alabama,Total,0400000US01,1,5028090,0,3917450,414,4924860,3484,3824040,3037
Alabama,Not Hispanic or Latino,0400000US01,2,4795685,199,3776200,351,4751255,2543,3736475,2260
Alabama,American Indian or Alaska Native Alone,0400000US01,3,14955,863,12520,754,14905,863,12475,754
Alabama,Asian Alone,0400000US01,4,70070,1051,55555,682,47370,1387,34915,1179
Alabama,Black or African American Alone,0400000US01,5,1324315,3309,1003570,1845,1317960,3430,998375,1989
Alabama,Native Hawaiian or Other Pacific Islander Alone,0400000US01,6,1590,311,1260,270,1475,315,1160,273
Alabama,White Alone,0400000US01,7,3271225,30,2634490,58,3257200,1651,2621730,1420
Alabama,American Indian or Alaska Native and White,0400000US01,8,36710,981,29835,778,36705,981,29830,778
Alabama,Asian and White,0400000US01,9,17715,1137,9825,774,17275,1117,9485,767
Alabama,Black or African American and White,0400000US01,10,41690,2629,17400,1530,41395,2636,17160,1535
Alabama,American Indian or Alaska Native and Black or African American,0400000US01,11,4575,738,3690,574,4575,738,3690,574
Alabama,Remainder of Two or More Race Responses,0400000US01,12,12845,1310,8055,790,12395,1311,7660,794
Alabama,Hispanic or Latino,0400000US01,13,232405,200,141250,339,173605,2233,87570,1978
Alaska,Total,0400000US02,1,734820,0,555485,259,712100,1347,534725,1262
Alaska,Not Hispanic or Latino,0400000US02,2,679930,111,519220,235,660910,1210,501695,1147
Alaska,American Indian or Alaska Native Alone,0400000US02,3,103250,1761,70620,1162,103170,1760,70540,1159
Alaska,Asian Alone,0400000US02,4,46615,1114,37025,675,35745,1291,27055,935
Alaska,Black or African American Alone,0400000US02,5,22710,954,18005,559,21675,955,17200,568
Alaska,Native Hawaiian or Other Pacific Islander Alone,0400000US02,6,10950,438,7020,240,9795,547,6005,420
Alaska,White Alone,0400000US02,7,436030,10,351895,139,430570,652,346615,654
Alaska,American Indian or Alaska Native and White,0400000US02,8,31250,1666,20490,1059,31210,1667,20445,1061
Alaska,Asian and White,0400000US02,9,10000,939,4845,568,9810,933,4685,568
Alaska,Black or African American and White,0400000US02,10,6785,779,3200,435,6700,770,3135,430
Alaska,American Indian or Alaska Native and Black or African American,0400000US02,11,1485,513,710,228,1475,511,700,228
Alaska,Remainder of Two or More Race Responses,0400000US02,12,10855,1066,5405,642,10760,1057,5310,627
Alaska,Hispanic or Latino,0400000US02,13,54890,110,36265,167,51190,567,33030,464
Arizona,Total,0400000US04,1,7172280,0,5578820,243,6681080,7019,5118555,6288
Arizona,Not Hispanic or Latino,0400000US04,2,4874770,0,3994540,241,4725150,4941,3859390,3986
Arizona,American Indian or Alaska Native Alone,0400000US04,3,249710,2126,182550,1469,249410,2118,182260,1467
Arizona,Asian Alone,0400000US04,4,236480,2861,192875,1922,167455,3003,130805,2331
Arizona,Black or African American Alone,0400000US04,5,312100,3658,236555,2126,297550,3819,225190,2343
Arizona,Native Hawaiian or Other Pacific Islander Alone,0400000US04,6,12925,756,10200,517,11615,730,9090,567
Arizona,White Alone,0400000US04,7,3850230,32,3243070,32,3789020,3329,3185580,2771
Arizona,American Indian or Alaska Native and White,0400000US04,8,51870,2132,38105,1489,51830,2133,38065,1486
Arizona,Asian and White,0400000US04,9,60705,2751,36020,1853,58685,2707,34300,1789
Arizona,Black or African American and White,0400000US04,10,62770,3451,32220,1852,62315,3412,31850,1843
Arizona,American Indian or Alaska Native and Black or African American,0400000US04,11,6380,1049,4005,593,6355,1048,3975,587
Arizona,Remainder of Two or More Race Responses,0400000US04,12,31600,2163,18945,1458,30920,2161,18265,1450
Arizona,Hispanic or Latino,0400000US04,13,2297515,0,1584280,0,1955930,5835,1259165,5426
Arkansas,Total,0400000US05,1,3018670,0,2321400,499,2920760,2900,2233470,2574
Arkansas,Not Hispanic or Latino,0400000US05,2,2775350,286,2167560,445,2741280,1827,2138535,1533
Arkansas,American Indian or Alaska Native Alone,0400000US05,3,12010,820,9515,611,12010,820,9515,611
Arkansas,Asian Alone,0400000US05,4,47205,1245,36515,782,31615,1198,23015,915
Arkansas,Black or African American Alone,0400000US05,5,457000,2059,336985,1199,454530,2330,334830,1373
Arkansas,Native Hawaiian or Other Pacific Islander Alone,0400000US05,6,11090,734,7035,492,4755,720,2120,456
Arkansas,White Alone,0400000US05,7,2159400,30,1725495,30,2150710,1144,1717850,982
Arkansas,American Indian or Alaska Native and White,0400000US05,8,39415,1194,29965,809,39410,1193,29960,808
Arkansas,Asian and White,0400000US05,9,10930,1087,5800,667,10605,1093,5585,684
Arkansas,Black or African American and White,0400000US05,10,27795,1749,10130,829,27465,1741,9815,845
Arkansas,American Indian or Alaska Native and Black or African American,0400000US05,11,2325,425,1665,356,2325,425,1665,356
Arkansas,Remainder of Two or More Race Responses,0400000US05,12,8175,1079,4455,659,7855,1039,4175,642
Arkansas,Hispanic or Latino,0400000US05,13,243320,285,153840,337,179480,2629,94935,2386
California,Total,0400000US06,1,39356105,0,30581535,442,34550270,30270,26078140,28971
California,Not Hispanic or Latino,0400000US06,2,23738175,0,19496795,447,21887865,15948,17812075,13999
California,American Indian or Alaska Native Alone,0400000US06,3,117500,2458,93870,1768,115770,2518,92270,1840
California,Asian Alone,0400000US06,4,5900770,10926,4833180,6478,4667260,13414,3701115,9982
California,Black or African American Alone,0400000US06,5,2148830,8114,1726330,5242,2084675,7979,1669500,5115
California,Native Hawaiian or Other Pacific Islander Alone,0400000US06,6,141855,2063,113270,1325,123850,2135,96705,1615
California,White Alone,0400000US06,7,14099515,6,11928785,4,13609700,8500,11485705,7035
California,American Indian or Alaska Native and White,0400000US06,8,184010,2532,146200,1954,183510,2514,145755,1937
California,Asian and White,0400000US06,9,588815,9637,318040,5524,560155,9251,296190,5252
California,Black or African American and White,0400000US06,10,270105,7488,153230,4649,263315,7007,147480,4192
California,American Indian or Alaska Native and Black or African American,0400000US06,11,31385,2262,24960,1712,31300,2258,24875,1701
California,Remainder of Two or More Race Responses,0400000US06,12,255390,6073,158925,3993,248340,5903,152480,3909
California,Hispanic or Latino,0400000US06,13,15617930,0,11084740,66,12662405,25706,8266065,24920
Colorado,Total,0400000US08,1,5770790,0,4529480,580,5484710,6685,4267285,5987
Colorado,Not Hispanic or Latino,0400000US08,2,4497030,0,3653180,596,4387725,3525,3555505,3101
Colorado,American Indian or Alaska Native Alone,0400000US08,3,24995,1097,20155,931,24795,1082,19950,920
Colorado,Asian Alone,0400000US08,4,183835,2415,149105,1632,136595,2234,106555,1583
Colorado,Black or African American Alone,0400000US08,5,224860,2410,173095,1745,208650,2655,159510,1968
Colorado,Native Hawaiian or Other Pacific Islander Alone,0400000US08,6,7585,622,6000,425,6860,602,5415,438
Colorado,White Alone,0400000US08,7,3880175,7,3198965,11,3838930,2043,3161185,1749
Colorado,American Indian or Alaska Native and White,0400000US08,8,41695,1079,32905,876,41585,1102,32795,899
Colorado,Asian and White,0400000US08,9,58500,2221,31270,1452,56155,2114,29615,1359
Colorado,Black or African American and White,0400000US08,10,48985,2268,25035,1593,48130,2200,24180,1542
Colorado,American Indian or Alaska Native and Black or African American,0400000US08,11,3735,720,3070,627,3735,720,3070,627
Colorado,Remainder of Two or More Race Responses,0400000US08,12,22660,1540,13575,1039,22295,1514,13230,1020
Colorado,Hispanic or Latino,0400000US08,13,1273760,0,876300,105,1096985,5405,711785,4680
Connecticut,Total,0400000US09,1,3611315,0,2868440,91,3366530,5542,2646720,4889
Connecticut,Not Hispanic or Latino,0400000US09,2,2983910,0,2434135,92,2834255,4071,2299590,3426
Connecticut,American Indian or Alaska Native Alone,0400000US09,3,3755,458,2790,370,3690,455,2735,368
Connecticut,Asian Alone,0400000US09,4,172380,1683,135890,1101,119280,2116,88245,1767
Connecticut,Black or African American Alone,0400000US09,5,363670,2516,283995,1778,331120,3472,255140,2807
Connecticut,Native Hawaiian or Other Pacific Islander Alone,0400000US09,6,895,226,745,211,875,228,725,213
Connecticut,White Alone,0400000US09,7,2351865,31,1960560,31,2290540,2950,1904700,2431
Connecticut,American Indian or Alaska Native and White,0400000US09,8,12165,471,9270,381,12160,473,9265,382
Connecticut,Asian and White,0400000US09,9,23205,1673,10580,1074,22425,1672,9970,1101
Connecticut,Black or African American and White,0400000US09,10,40350,2295,19595,1415,38815,2284,18355,1396
Connecticut,American Indian or Alaska Native and Black or African American,0400000US09,11,4730,867,3675,680,4670,869,3620,686
Connecticut,Remainder of Two or More Race Responses,0400000US09,12,10900,1236,7040,939,10680,1227,6835,928
Connecticut,Hispanic or Latino,0400000US09,13,627410,0,434305,0,532275,3521,347130,3248
Delaware,Total,0400000US10,1,993635,0,786935,52,948665,1721,746110,1658
Delaware,Not Hispanic or Latino,0400000US10,2,894940,0,723520,51,870090,1391,700660,1241
Delaware,American Indian or Alaska Native Alone,0400000US10,3,1830,261,1715,232,1825,261,1710,234
Delaware,Asian Alone,0400000US10,4,40770,687,31985,542,27740,1070,19970,932
Delaware,Black or African American Alone,0400000US10,5,214890,2175,163195,1319,208205,2215,157095,1470
Delaware,Native Hawaiian or Other Pacific Islander Alone,0400000US10,6,255,72,230,77,240,77,220,81
Delaware,White Alone,0400000US10,7,605390,30,508390,30,601385,475,504615,441
Delaware,American Indian or Alaska Native and White,0400000US10,8,3710,273,2830,240,3710,273,2830,240
Delaware,Asian and White,0400000US10,9,5450,646,3175,493,4920,668,2790,461
Delaware,Black or African American and White,0400000US10,10,15935,1823,7840,1191,15775,1826,7685,1178
Delaware,American Indian or Alaska Native and Black or African American,0400000US10,11,1995,517,1620,433,1950,499,1575,408
Delaware,Remainder of Two or More Race Responses,0400000US10,12,4715,828,2545,491,4340,810,2170,453
Delaware,Hispanic or Latino,0400000US10,13,98695,0,63415,0,78580,1178,45450,1119
District of Columbia,Total,0400000US11,1,670585,0,546530,84,624550,1997,503685,1745
District of Columbia,Not Hispanic or Latino,0400000US11,2,593420,0,490695,81,567315,1615,466320,1412
District of Columbia,American Indian or Alaska Native Alone,0400000US11,3,855,195,855,195,855,195,855,195
District of Columbia,Asian Alone,0400000US11,4,27095,654,24820,529,20030,882,17960,818
District of Columbia,Black or African American Alone,0400000US11,5,294435,1569,229730,1133,286300,1874,222520,1450
District of Columbia,Native Hawaiian or Other Pacific Islander Alone,0400000US11,6,355,59,340,64,335,63,315,66
District of Columbia,White Alone,0400000US11,7,248225,33,219700,33,238205,827,210165,753
District of Columbia,American Indian or Alaska Native and White,0400000US11,8,1140,199,1100,199,1090,198,1050,200
District of Columbia,Asian and White,0400000US11,9,7160,650,4490,517,6750,633,4100,505
District of Columbia,Black or African American and White,0400000US11,10,8450,1074,5590,790,8170,1070,5395,789
District of Columbia,American Indian or Alaska Native and Black or African American,0400000US11,11,2305,769,1680,518,2285,772,1660,521
District of Columbia,Remainder of Two or More Race Responses,0400000US11,12,3390,642,2390,453,3280,640,2295,450
District of Columbia,Hispanic or Latino,0400000US11,13,77170,0,55835,0,57235,1309,37365,1100
Florida,Total,0400000US12,1,21634530,0,17399100,510,19740210,23661,15698795,20596
Florida,Not Hispanic or Latino,0400000US12,2,15896245,0,12989860,403,15177075,11631,12345990,9743
Florida,American Indian or Alaska Native Alone,0400000US12,3,27350,1259,23035,1039,26760,1266,22460,1034
Florida,Asian Alone,0400000US12,4,610945,3337,500460,2511,461875,5163,365710,4301
Florida,Black or African American Alone,0400000US12,5,3283370,8995,2473470,5403,3040765,11224,2258235,7678
Florida,Native Hawaiian or Other Pacific Islander Alone,0400000US12,6,12155,786,10065,604,10700,817,8780,606
Florida,White Alone,0400000US12,7,11456835,35,9689365,35,11149765,7505,9412820,6357
Florida,American Indian or Alaska Native and White,0400000US12,8,83265,1380,68550,1154,82360,1441,67700,1207
Florida,Asian and White,0400000US12,9,112170,3398,63260,2443,106885,3288,59160,2294
Florida,Black or African American and White,0400000US12,10,217450,7068,99875,3980,210015,6856,93610,3752
Florida,American Indian or Alaska Native and Black or African American,0400000US12,11,13825,1465,11800,1251,13570,1460,11595,1251
Florida,Remainder of Two or More Race Responses,0400000US12,12,78885,3582,49975,2554,74380,3412,45920,2371
Florida,Hispanic or Latino,0400000US12,13,5738285,0,4409240,267,4563130,16982,3352805,14979
Georgia,Total,0400000US13,1,10722325,0,8209780,809,10141390,8962,7686560,8145
Georgia,Not Hispanic or Latino,0400000US13,2,9643870,399,7507460,736,9355140,5924,7253585,5233
Georgia,American Indian or Alaska Native Alone,0400000US13,3,11485,845,9495,666,11210,840,9230,640
Georgia,Asian Alone,0400000US13,4,466235,2564,363630,1562,318030,3900,232850,3093
Georgia,Black or African American Alone,0400000US13,5,3362840,6147,2533255,4162,3289595,6620,2470870,4939
Georgia,Native Hawaiian or Other Pacific Islander Alone,0400000US13,6,6080,924,4315,649,5340,935,3720,643
Georgia,White Alone,0400000US13,7,5510220,6,4437390,68,5449035,2950,4381850,2617
Georgia,American Indian or Alaska Native and White,0400000US13,8,47420,1393,38265,1055,47365,1393,38215,1057
Georgia,Asian and White,0400000US13,9,53705,2303,28145,1274,52185,2289,26810,1278
Georgia,Black or African American and White,0400000US13,10,127525,4801,54700,3060,125320,4587,52800,2877
Georgia,American Indian or Alaska Native and Black or African American,0400000US13,11,15015,1577,12375,1279,14835,1582,12235,1287
Georgia,Remainder of Two or More Race Responses,0400000US13,12,43345,3084,25885,2128,42220,3052,25010,2166
Georgia,Hispanic or Latino,0400000US13,13,1078455,399,702320,795,786255,6712,432975,5764
Hawaii,Total,0400000US15,1,1450590,0,1145270,116,1346395,3269,1050735,2939
Hawaii,Not Hispanic or Latino,0400000US15,2,1291565,0,1045660,115,1192240,3076,955540,2797
Hawaii,American Indian or Alaska Native Alone,0400000US15,3,2080,298,1810,222,2020,289,1750,220
Hawaii,Asian Alone,0400000US15,4,531375,4043,460145,2954,463970,4405,398715,3327
Hawaii,Black or African American Alone,0400000US15,5,27075,836,22500,614,26265,883,21760,642
Hawaii,Native Hawaiian or Other Pacific Islander Alone,0400000US15,6,141340,1940,104810,1492,121910,2103,87700,1738
Hawaii,White Alone,0400000US15,7,310140,28,269370,28,301165,803,260855,773
Hawaii,American Indian or Alaska Native and White,0400000US15,8,6880,296,5925,233,6805,317,5865,251
Hawaii,Asian and White,0400000US15,9,69765,2958,44270,1896,69205,2965,43835,1911
Hawaii,Black or African American and White,0400000US15,10,5765,752,3460,510,5690,744,3385,498
Hawaii,American Indian or Alaska Native and Black or African American,0400000US15,11,785,266,705,251,785,266,705,251
Hawaii,Remainder of Two or More Race Responses,0400000US15,12,196365,4426,132660,2673,194425,4339,130965,2594
Hawaii,Hispanic or Latino,0400000US15,13,159025,0,99610,0,154155,878,95200,772
Idaho,Total,0400000US16,1,1854110,0,1399330,319,1795410,2418,1344940,2256
Idaho,Not Hispanic or Latino,0400000US16,2,1611875,82,1243325,318,1592795,1523,1226195,1433
Idaho,American Indian or Alaska Native Alone,0400000US16,3,16255,784,12430,674,16245,778,12420,669
Idaho,Asian Alone,0400000US16,4,24255,1058,19855,717,17510,920,13580,665
Idaho,Black or African American Alone,0400000US16,5,11980,637,8765,447,10425,662,7500,485
Idaho,Native Hawaiian or Other Pacific Islander Alone,0400000US16,6,2365,355,1775,243,2180,347,1605,235
Idaho,White Alone,0400000US16,7,1508200,115,1170425,110,1497960,1233,1161335,1080
Idaho,American Indian or Alaska Native and White,0400000US16,8,18900,750,14085,662,18900,750,14080,664
Idaho,Asian and White,0400000US16,9,15020,1061,8335,713,14890,1050,8230,705
Idaho,Black or African American and White,0400000US16,10,8350,728,3895,483,8175,706,3725,482
Idaho,American Indian or Alaska Native and Black or African American,0400000US16,11,195,81,155,75,195,81,155,75
Idaho,Remainder of Two or More Race Responses,0400000US16,12,6350,1084,3605,589,6310,1081,3565,587
Idaho,Hispanic or Latino,0400000US16,13,242235,78,156005,101,202615,1950,118745,1810
Illinois,Total,0400000US17,1,12757635,0,9937155,503,11912210,10024,9143765,9245
Illinois,Not Hispanic or Latino,0400000US17,2,10481930,251,8360020,490,10082150,7875,7995180,6832
Illinois,American Indian or Alaska Native Alone,0400000US17,3,10345,797,8070,649,10145,780,7885,633
Illinois,Asian Alone,0400000US17,4,738970,3660,592780,2058,540165,5548,410755,4266
Illinois,Black or African American Alone,0400000US17,5,1758665,4460,1342770,2846,1720460,4720,1310650,3434
Illinois,Native Hawaiian or Other Pacific Islander Alone,0400000US17,6,3305,444,2780,406,2825,361,2310,338
Illinois,White Alone,0400000US17,7,7679365,126,6256640,112,7524945,4712,6113400,4178
Illinois,American Indian or Alaska Native and White,0400000US17,8,41540,1225,32485,913,41505,1226,32455,919
Illinois,Asian and White,0400000US17,9,88120,3389,43645,1954,82700,2988,38915,1601
Illinois,Black or African American and White,0400000US17,10,117850,3561,52245,2372,116690,3535,51160,2328
Illinois,American Indian or Alaska Native and Black or African American,0400000US17,11,10605,1122,8245,895,10570,1121,8210,888
Illinois,Remainder of Two or More Race Responses,0400000US17,12,33165,2158,20355,1340,32145,2110,19430,1286
Illinois,Hispanic or Latino,0400000US17,13,2275705,253,1577135,317,1830060,6590,1148585,6071
Indiana,Total,0400000US18,1,6784405,0,5206940,377,6566030,5037,5009620,4332
Indiana,Not Hispanic or Latino,0400000US18,2,6273420,218,4881355,435,6155745,3805,4776820,3036
Indiana,American Indian or Alaska Native Alone,0400000US18,3,5145,466,4600,432,5105,469,4555,434
Indiana,Asian Alone,0400000US18,4,169750,2135,130310,1433,106105,2450,72605,1851
Indiana,Black or African American Alone,0400000US18,5,638045,3607,464505,1943,612720,3997,443650,2361
Indiana,Native Hawaiian or Other Pacific Islander Alone,0400000US18,6,2290,362,1930,288,1970,373,1645,291
Indiana,White Alone,0400000US18,7,5283850,30,4187720,30,5258335,1942,4164400,1723
Indiana,American Indian or Alaska Native and White,0400000US18,8,34415,569,27440,565,34345,560,27370,556
Indiana,Asian and White,0400000US18,9,30520,2074,15805,1280,29370,2045,14770,1248
Indiana,Black or African American and White,0400000US18,10,90470,3630,37275,1851,89995,3606,36885,1825
Indiana,American Indian or Alaska Native and Black or African American,0400000US18,11,3140,711,2625,576,3080,703,2565,572
Indiana,Remainder of Two or More Race Responses,0400000US18,12,15795,1541,9145,975,14720,1408,8370,873
Indiana,Hispanic or Latino,0400000US18,13,510985,219,325590,236,410280,2877,232800,2576
Iowa,Total,0400000US19,1,3188835,0,2458520,482,3088855,3592,2368945,3101
Iowa,Not Hispanic or Latino,0400000US19,2,2980200,124,2328635,459,2919170,2854,2275395,2424
Iowa,American Indian or Alaska Native Alone,0400000US19,3,6530,391,5060,292,6515,393,5050,291
Iowa,Asian Alone,0400000US19,4,78960,1339,61675,829,49465,1763,35270,1322
Iowa,Black or African American Alone,0400000US19,5,119035,2209,81185,1220,103195,2491,68450,1494
Iowa,Native Hawaiian or Other Pacific Islander Alone,0400000US19,6,4385,253,2915,190,2685,278,1430,204
Iowa,White Alone,0400000US19,7,2694960,162,2138745,100,2682280,1388,2127290,1213
Iowa,American Indian or Alaska Native and White,0400000US19,8,14510,470,10905,352,14495,474,10890,355
Iowa,Asian and White,0400000US19,9,17430,1209,8750,792,16830,1171,8170,742
Iowa,Black or African American and White,0400000US19,10,35755,1925,14210,1014,35310,1928,13885,1009
Iowa,American Indian or Alaska Native and Black or African American,0400000US19,11,1125,332,660,184,1125,332,660,184
Iowa,Remainder of Two or More Race Responses,0400000US19,12,7510,858,4530,584,7270,840,4300,581
Iowa,Hispanic or Latino,0400000US19,13,208635,114,129880,272,169685,1678,93550,1546
Kansas,Total,0400000US20,1,2935920,0,2234510,444,2816925,3686,2126125,3181
Kansas,Not Hispanic or Latino,0400000US20,2,2565950,124,1999005,432,2520435,2063,1958765,1692
Kansas,American Indian or Alaska Native Alone,0400000US20,3,14160,872,10900,648,14145,876,10885,650
Kansas,Asian Alone,0400000US20,4,87125,1500,67670,1128,62380,1757,45565,1411
Kansas,Black or African American Alone,0400000US20,5,159920,2162,121470,1488,152510,2522,115395,1752
Kansas,Native Hawaiian or Other Pacific Islander Alone,0400000US20,6,2520,429,1885,377,1515,242,980,183
Kansas,White Alone,0400000US20,7,2199130,101,1738875,101,2187730,1000,1728645,884
Kansas,American Indian or Alaska Native and White,0400000US20,8,32405,894,24550,653,32405,894,24550,653
Kansas,Asian and White,0400000US20,9,17475,1388,9715,992,17025,1338,9295,957
Kansas,Black or African American and White,0400000US20,10,38790,2100,15085,1234,38590,2094,14885,1239
Kansas,American Indian or Alaska Native and Black or African American,0400000US20,11,3590,644,2270,384,3590,645,2270,385
Kansas,Remainder of Two or More Race Responses,0400000US20,12,10840,1085,6580,840,10545,1040,6295,763
Kansas,Hispanic or Latino,0400000US20,13,369970,116,235505,187,296495,2660,167360,2362
Kentucky,Total,0400000US21,1,4502935,0,3491455,825,4396065,3247,3398225,2931
Kentucky,Not Hispanic or Latino,0400000US21,2,4322455,419,3378940,610,4262890,2467,3328905,2106
Kentucky,American Indian or Alaska Native Alone,0400000US21,3,4010,379,3435,340,3920,369,3370,339
Kentucky,Asian Alone,0400000US21,4,69040,1171,51595,763,43485,1218,30085,908
Kentucky,Black or African American Alone,0400000US21,5,358555,2484,268705,1458,343460,3013,256925,1906
Kentucky,Native Hawaiian or Other Pacific Islander Alone,0400000US21,6,3170,467,2100,407,2415,527,1480,399
Kentucky,White Alone,0400000US21,7,3773820,230,2991610,178,3757470,1235,2976895,975
Kentucky,American Indian or Alaska Native and White,0400000US21,8,25075,616,20230,512,25060,616,20215,514
Kentucky,Asian and White,0400000US21,9,17165,1326,9380,890,16320,1290,8715,862
Kentucky,Black or African American and White,0400000US21,10,58835,1996,23695,1244,58460,2039,23390,1259
Kentucky,American Indian or Alaska Native and Black or African American,0400000US21,11,2855,664,2115,406,2855,664,2115,406
Kentucky,Remainder of Two or More Race Responses,0400000US21,12,9940,999,6075,617,9445,1003,5715,615
Kentucky,Hispanic or Latino,0400000US21,13,180480,420,112515,555,133175,1843,69320,1789
Louisiana,Total,0400000US22,1,4640545,0,3557970,460,4527375,4010,3458800,3400
Louisiana,Not Hispanic or Latino,0400000US22,2,4384960,460,3383855,536,4339530,2463,3342440,2235
Louisiana,American Indian or Alaska Native Alone,0400000US22,3,19765,807,15295,622,19700,817,15230,628
Louisiana,Asian Alone,0400000US22,4,80585,1457,64945,1034,59245,1627,45580,1322
Louisiana,Black or African American Alone,0400000US22,5,1466110,4526,1082965,2897,1459350,4711,1077190,3147
Louisiana,Native Hawaiian or Other Pacific Islander Alone,0400000US22,6,2205,711,1775,592,2110,689,1685,571
Louisiana,White Alone,0400000US22,7,2699430,33,2152800,2,2683520,1510,2137895,1397
Louisiana,American Indian or Alaska Native and White,0400000US22,8,28035,1091,21580,853,28030,1092,21575,854
Louisiana,Asian and White,0400000US22,9,16055,1402,7845,885,15495,1365,7345,850
Louisiana,Black or African American and White,0400000US22,10,50800,3795,21570,1981,50240,3755,21010,1899
Louisiana,American Indian or Alaska Native and Black or African American,0400000US22,11,9205,1414,6565,977,9195,1411,6555,973
Louisiana,Remainder of Two or More Race Responses,0400000US22,12,12770,1536,8510,1156,12640,1523,8380,1142
Louisiana,Hispanic or Latino,0400000US22,13,255585,462,174115,596,187845,2991,116355,2534
Maine,Total,0400000US23,1,1366950,0,1116135,131,1343630,1401,1095865,1267
Maine,Not Hispanic or Latino,0400000US23,2,1341050,0,1098100,129,1319665,1422,1079470,1280
Maine,American Indian or Alaska Native Alone,0400000US23,3,6150,400,4765,320,6100,399,4720,324
Maine,Asian Alone,0400000US23,4,15035,725,12445,585,11235,759,8815,629
Maine,Black or African American Alone,0400000US23,5,21500,897,14130,634,14635,845,9210,641
Maine,Native Hawaiian or Other Pacific Islander Alone,0400000US23,6,240,69,200,56,225,69,190,55
Maine,White Alone,0400000US23,7,1267255,26,1047545,26,1257130,859,1037975,803
Maine,American Indian or Alaska Native and White,0400000US23,8,11970,400,9050,316,11890,410,8970,328
Maine,Asian and White,0400000US23,9,8190,736,4730,550,7885,722,4440,540
Maine,Black or African American and White,0400000US23,10,7910,752,3695,581,7805,734,3655,577
Maine,American Indian or Alaska Native and Black or African American,0400000US23,11,220,115,200,115,210,111,190,113
Maine,Remainder of Two or More Race Responses,0400000US23,12,2580,499,1330,243,2550,501,1300,239
Maine,Hispanic or Latino,0400000US23,13,25900,0,18035,0,23965,394,16395,314
Maryland,Total,0400000US24,1,6161705,0,4801415,216,5721640,7384,4411240,6236
Maryland,Not Hispanic or Latino,0400000US24,2,5488800,0,4355225,209,5245940,5244,4139875,4590
Maryland,American Indian or Alaska Native Alone,0400000US24,3,8660,569,6890,486,8555,564,6790,485
Maryland,Asian Alone,0400000US24,4,400240,2756,320555,1614,303440,3191,232760,2611
Maryland,Black or African American Alone,0400000US24,5,1834630,4539,1426605,2683,1742645,6244,1345855,4509
Maryland,Native Hawaiian or Other Pacific Islander Alone,0400000US24,6,2230,270,1910,250,2185,275,1860,254
Maryland,White Alone,0400000US24,7,3034710,31,2484895,31,2986855,2577,2443145,2118
Maryland,American Indian or Alaska Native and White,0400000US24,8,19405,574,15605,494,19395,574,15595,494
Maryland,Asian and White,0400000US24,9,58110,2684,29130,1553,54735,2488,26730,1407
Maryland,Black or African American and White,0400000US24,10,82845,3914,38955,2318,81500,3868,37670,2310
Maryland,American Indian or Alaska Native and Black or African American,0400000US24,11,11845,1172,9385,917,11785,1165,9325,911
Maryland,Remainder of Two or More Race Responses,0400000US24,12,36125,2060,21290,1338,34850,2017,20155,1347
Maryland,Hispanic or Latino,0400000US24,13,672905,0,446185,93,475700,4561,271360,3556
Massachusetts,Total,0400000US25,1,6984205,0,5617190,529,6427885,9657,5117160,8502
Massachusetts,Not Hispanic or Latino,0400000US25,2,6104910,0,5002815,308,5709945,7206,4644995,6357
Massachusetts,American Indian or Alaska Native Alone,0400000US25,3,7490,630,6070,483,7025,638,5685,469
Massachusetts,Asian Alone,0400000US25,4,492705,2606,397365,1548,336740,4006,253015,3356
Massachusetts,Black or African American Alone,0400000US25,5,501305,3354,383405,2248,431515,3959,321885,3148
Massachusetts,Native Hawaiian or Other Pacific Islander Alone,0400000US25,6,2675,326,2170,346,2360,309,1895,305
Massachusetts,White Alone,0400000US25,7,4931520,32,4118020,32,4770500,5395,3973190,4325
Massachusetts,American Indian or Alaska Native and White,0400000US25,8,20625,625,16275,479,20455,628,16105,483
Massachusetts,Asian and White,0400000US25,9,61390,2460,30540,1427,58360,2264,28040,1268
Massachusetts,Black or African American and White,0400000US25,10,63950,2881,33460,1709,60795,2731,30695,1629
Massachusetts,American Indian or Alaska Native and Black or African American,0400000US25,11,5435,952,4080,638,5195,900,3875,618
Massachusetts,Remainder of Two or More Race Responses,0400000US25,12,17820,1680,11430,1121,17000,1671,10620,1099
Massachusetts,Hispanic or Latino,0400000US25,13,879295,0,614375,394,717940,4768,472165,4128
Michigan,Total,0400000US26,1,10057920,0,7908455,293,9751050,6401,7633285,5292
Michigan,Not Hispanic or Latino,0400000US26,2,9507495,0,7545910,273,9275895,5859,7340850,4670
Michigan,American Indian or Alaska Native Alone,0400000US26,3,35645,1152,28050,849,35315,1130,27720,835
Michigan,Asian Alone,0400000US26,4,328735,2302,260260,1513,218660,3112,161780,2658
Michigan,Black or African American Alone,0400000US26,5,1357250,5645,1022260,3128,1337640,6341,1005660,3664
Michigan,Native Hawaiian or Other Pacific Islander Alone,0400000US26,6,2605,380,2125,289,2290,303,1855,246
Michigan,White Alone,0400000US26,7,7478850,85,6059650,68,7383060,3639,5974590,2979
Michigan,American Indian or Alaska Native and White,0400000US26,8,71250,1323,53695,974,71140,1330,53585,984
Michigan,Asian and White,0400000US26,9,63870,2222,33850,1413,60430,2164,31270,1432
Michigan,Black or African American and White,0400000US26,10,129865,4741,59885,2689,129120,4728,59170,2678
Michigan,American Indian or Alaska Native and Black or African American,0400000US26,11,10600,1242,8005,857,10585,1239,7990,853
Michigan,Remainder of Two or More Race Responses,0400000US26,12,28825,2385,18130,1401,27655,2144,17235,1286
Michigan,Hispanic or Latino,0400000US26,13,550425,0,362550,85,475155,2476,292440,2244
Minnesota,Total,0400000US27,1,5695290,0,4388210,223,5487455,4158,4206890,3443
Minnesota,Not Hispanic or Latino,0400000US27,2,5368245,86,4181970,214,5227835,3556,4062475,2964
Minnesota,American Indian or Alaska Native Alone,0400000US27,3,44210,1053,31575,806,43980,1052,31380,804
Minnesota,Asian Alone,0400000US27,4,286305,2154,208995,1224,229355,2715,158450,2038
Minnesota,Black or African American Alone,0400000US27,5,380915,3603,253370,1900,327440,3927,211245,2229
Minnesota,Native Hawaiian or Other Pacific Islander Alone,0400000US27,6,2130,263,1695,251,1640,262,1235,238
Minnesota,White Alone,0400000US27,7,4470695,22,3593785,22,4444550,1927,3569930,1653
Minnesota,American Indian or Alaska Native and White,0400000US27,8,43265,956,29690,777,43190,954,29655,782
Minnesota,Asian and White,0400000US27,9,46215,2025,20395,1122,44625,1963,19515,1059
Minnesota,Black or African American and White,0400000US27,10,69335,3264,28505,1504,68600,3304,27800,1490
Minnesota,American Indian or Alaska Native and Black or African American,0400000US27,11,5030,873,2935,552,4880,863,2780,558
Minnesota,Remainder of Two or More Race Responses,0400000US27,12,20145,1874,11030,1138,19575,1831,10485,1094
Minnesota,Hispanic or Latino,0400000US27,13,327050,72,206235,105,259625,2091,144415,2004
Mississippi,Total,0400000US28,1,2958845,0,2267770,482,2920300,1754,2232895,1550
Mississippi,Not Hispanic or Latino,0400000US28,2,2861725,864,2205195,730,2844765,1424,2189635,1231
Mississippi,American Indian or Alaska Native Alone,0400000US28,3,11150,501,8075,468,11085,507,8025,474
Mississippi,Asian Alone,0400000US28,4,28900,958,23160,709,21040,958,15880,773
Mississippi,Black or African American Alone,0400000US28,5,1102800,2670,817945,1694,1099495,2825,814995,1828
Mississippi,Native Hawaiian or Other Pacific Islander Alone,0400000US28,6,905,367,810,354,855,371,760,360
Mississippi,White Alone,0400000US28,7,1663995,4,1324910,57,1658905,645,1320245,604
Mississippi,American Indian or Alaska Native and White,0400000US28,8,12220,654,9575,597,12220,655,9575,597
Mississippi,Asian and White,0400000US28,9,7835,800,4330,526,7645,771,4140,494
Mississippi,Black or African American and White,0400000US28,10,24925,2078,10530,1096,24675,2100,10310,1088
Mississippi,American Indian or Alaska Native and Black or African American,0400000US28,11,2685,631,2145,537,2685,631,2145,537
Mississippi,Remainder of Two or More Race Responses,0400000US28,12,6305,1120,3715,669,6155,1114,3565,665
Mississippi,Hispanic or Latino,0400000US28,13,97125,869,62575,834,75530,1503,43260,1278
Missouri,Total,0400000US29,1,6154420,0,4779945,534,6028010,3489,4666685,3167
Missouri,Not Hispanic or Latino,0400000US29,2,5874345,253,4599455,457,5791080,2801,4525630,2390
Missouri,American Indian or Alaska Native Alone,0400000US29,3,12915,631,10595,544,12845,629,10530,537
Missouri,Asian Alone,0400000US29,4,126620,1732,101655,1195,86560,1863,65110,1467
Missouri,Black or African American Alone,0400000US29,5,694625,3003,515505,1891,679580,3267,503290,2125
Missouri,Native Hawaiian or Other Pacific Islander Alone,0400000US29,6,8200,504,5480,320,5890,428,3655,291
Missouri,White Alone,0400000US29,7,4849475,28,3863875,28,4825370,1652,3842180,1535
Missouri,American Indian or Alaska Native and White,0400000US29,8,52965,924,41225,741,52890,915,41170,734
Missouri,Asian and White,0400000US29,9,33805,1613,17315,1032,32820,1617,16450,1026
Missouri,Black or African American and White,0400000US29,10,72085,2672,28805,1642,71795,2680,28530,1664
Missouri,American Indian or Alaska Native and Black or African American,0400000US29,11,6200,1020,4710,666,6200,1020,4710,666
Missouri,Remainder of Two or More Race Responses,0400000US29,12,17450,1585,10280,933,17130,1546,10005,911
Missouri,Hispanic or Latino,0400000US29,13,280080,253,180495,334,236930,2066,141055,1835
Montana,Total,0400000US30,1,1091840,0,860495,246,1080730,864,849900,920
Montana,Not Hispanic or Latino,0400000US30,2,1045960,174,830100,216,1037480,817,822005,815
Montana,American Indian or Alaska Native Alone,0400000US30,3,61215,1016,40475,649,61095,1017,40355,679
Montana,Asian Alone,0400000US30,4,9105,534,7770,436,6340,606,5130,507
Montana,Black or African American Alone,0400000US30,5,5315,410,4000,306,5120,421,3825,306
Montana,Native Hawaiian or Other Pacific Islander Alone,0400000US30,6,750,289,515,157,680,285,450,148
Montana,White Alone,0400000US30,7,935305,7,755595,9,930360,600,750865,559
Montana,American Indian or Alaska Native and White,0400000US30,8,20985,954,14850,640,20970,953,14835,637
Montana,Asian and White,0400000US30,9,5775,532,3060,427,5685,525,2990,420
Montana,Black or African American and White,0400000US30,10,3720,409,1705,273,3600,403,1590,255
Montana,American Indian or Alaska Native and Black or African American,0400000US30,11,390,156,155,63,380,155,155,63
Montana,Remainder of Two or More Race Responses,0400000US30,12,3410,624,1970,289,3245,629,1805,295
Montana,Hispanic or Latino,0400000US30,13,45880,175,30395,201,43250,457,27895,468
Nebraska,Total,0400000US31,1,1958940,0,1478505,325,1874555,2542,1405395,2143
Nebraska,Not Hispanic or Latino,0400000US31,2,1728170,137,1337290,319,1693240,1718,1308015,1536
Nebraska,American Indian or Alaska Native Alone,0400000US31,3,12170,539,8095,393,12170,539,8095,393
Nebraska,Asian Alone,0400000US31,4,48265,1033,36870,658,30390,1141,21915,947
Nebraska,Black or African American Alone,0400000US31,5,91830,1604,64710,975,83440,1816,57910,1255
Nebraska,Native Hawaiian or Other Pacific Islander Alone,0400000US31,6,1045,236,795,155,995,239,745,157
Nebraska,White Alone,0400000US31,7,1522085,18,1199575,12,1514770,806,1193225,690
Nebraska,American Indian or Alaska Native and White,0400000US31,8,12145,521,8645,434,12100,525,8605,434
Nebraska,Asian and White,0400000US31,9,12670,960,6630,609,11785,908,5875,539
Nebraska,Black or African American and White,0400000US31,10,21370,1423,8040,881,21150,1420,7830,882
Nebraska,American Indian or Alaska Native and Black or African American,0400000US31,11,850,233,535,173,850,233,535,173
Nebraska,Remainder of Two or More Race Responses,0400000US31,12,5745,757,3400,487,5590,721,3285,468
Nebraska,Hispanic or Latino,0400000US31,13,230770,138,141215,176,181315,1710,97380,1318
Nevada,Total,0400000US32,1,3104815,0,2415125,320,2824315,5070,2150275,4762
Nevada,Not Hispanic or Latino,0400000US32,2,2186310,0,1781320,322,2096050,2910,1697845,2607
Nevada,American Indian or Alaska Native Alone,0400000US32,3,22305,889,17655,657,22145,878,17495,642
Nevada,Asian Alone,0400000US32,4,259870,2352,218800,1702,210405,2758,173285,2087
Nevada,Black or African American Alone,0400000US32,5,282545,3099,213515,1473,274110,3194,206115,1549
Nevada,Native Hawaiian or Other Pacific Islander Alone,0400000US32,6,20185,746,15395,505,18915,793,14290,560
Nevada,White Alone,0400000US32,7,1469060,10,1239330,5,1440695,1731,1212295,1701
Nevada,American Indian or Alaska Native and White,0400000US32,8,17805,910,13930,664,17690,908,13845,667
Nevada,Asian and White,0400000US32,9,41165,1996,23105,1421,39670,1955,21845,1390
Nevada,Black or African American and White,0400000US32,10,35415,2735,16240,1217,35080,2739,15930,1216
Nevada,American Indian or Alaska Native and Black or African American,0400000US32,11,3395,619,2550,437,3385,617,2540,436
Nevada,Remainder of Two or More Race Responses,0400000US32,12,34560,2278,20790,1521,33955,2229,20205,1497
Nevada,Hispanic or Latino,0400000US32,13,918510,0,633805,0,728260,4141,452430,4021
New Hampshire,Total,0400000US33,1,1379610,0,1123420,157,1346440,1797,1093455,1632
New Hampshire,Not Hispanic or Latino,0400000US33,2,1320955,0,1082925,137,1295530,1511,1059890,1365
New Hampshire,American Indian or Alaska Native Alone,0400000US33,3,1345,272,1135,238,1310,266,1105,233
New Hampshire,Asian Alone,0400000US33,4,36340,965,29345,702,25685,986,19740,818
New Hampshire,Black or African American Alone,0400000US33,5,19195,838,14540,572,16690,888,12430,612
New Hampshire,Native Hawaiian or Other Pacific Islander Alone,0400000US33,6,325,192,270,147,320,191,270,148
New Hampshire,White Alone,0400000US33,7,1233085,28,1018555,28,1221520,1139,1007930,1051
New Hampshire,American Indian or Alaska Native and White,0400000US33,8,7775,290,6410,256,7710,311,6345,277
New Hampshire,Asian and White,0400000US33,9,11480,944,6310,666,11190,930,6020,647
New Hampshire,Black or African American and White,0400000US33,10,8485,765,4455,526,8220,749,4190,500
New Hampshire,American Indian or Alaska Native and Black or African American,0400000US33,11,155,83,155,83,155,83,155,83
New Hampshire,Remainder of Two or More Race Responses,0400000US33,12,2765,499,1740,356,2730,500,1705,353
New Hampshire,Hispanic or Latino,0400000US33,13,58655,0,40500,91,50915,861,33565,771
New Jersey,Total,0400000US34,1,9249065,0,7233500,216,8341990,11088,6420960,8911
New Jersey,Not Hispanic or Latino,0400000US34,2,7285640,0,5829255,205,6797665,7681,5393150,5977
New Jersey,American Indian or Alaska Native Alone,0400000US34,3,8170,652,6205,539,7465,628,5565,498
New Jersey,Asian Alone,0400000US34,4,918710,2873,721135,1647,661280,4826,489735,3940
New Jersey,Black or African American Alone,0400000US34,5,1176510,3922,916240,2889,1093305,4781,843695,3755
New Jersey,Native Hawaiian or Other Pacific Islander Alone,0400000US34,6,2335,371,1935,313,2120,335,1745,298
New Jersey,White Alone,0400000US34,7,4987725,32,4078830,32,4848205,4424,3953090,3745
New Jersey,American Indian or Alaska Native and White,0400000US34,8,16820,645,13090,558,16770,643,13040,553
New Jersey,Asian and White,0400000US34,9,65595,2543,30500,1506,62580,2513,28155,1458
New Jersey,Black or African American and White,0400000US34,10,74085,3205,38220,2398,71580,3140,36210,2355
New Jersey,American Indian or Alaska Native and Black or African American,0400000US34,11,7025,1009,5720,843,6950,1021,5645,858
New Jersey,Remainder of Two or More Race Responses,0400000US34,12,28670,2189,17375,1394,27415,2127,16265,1352
New Jersey,Hispanic or Latino,0400000US34,13,1963425,0,1404250,0,1544320,7598,1027810,6570
New Mexico,Total,0400000US35,1,2112465,0,1638985,485,2004620,3651,1538095,3494
New Mexico,Not Hispanic or Latino,0400000US35,2,1060835,0,879525,481,1039925,1631,861130,1526
New Mexico,American Indian or Alaska Native Alone,0400000US35,3,179155,1313,134480,863,179150,1313,134475,864
New Mexico,Asian Alone,0400000US35,4,32695,849,26510,713,22485,1132,17630,893
New Mexico,Black or African American Alone,0400000US35,5,38640,1035,31350,864,35640,1122,29130,920
New Mexico,Native Hawaiian or Other Pacific Islander Alone,0400000US35,6,1190,201,1085,188,1000,216,950,207
New Mexico,White Alone,0400000US35,7,767075,8,658915,17,759975,941,652100,909
New Mexico,American Indian or Alaska Native and White,0400000US35,8,17040,1178,12575,820,17000,1177,12530,822
New Mexico,Asian and White,0400000US35,9,8770,804,5530,661,8635,775,5395,631
New Mexico,Black or African American and White,0400000US35,10,9850,966,5300,642,9790,965,5240,641
New Mexico,American Indian or Alaska Native and Black or African American,0400000US35,11,1740,445,790,221,1740,445,790,221
New Mexico,Remainder of Two or More Race Responses,0400000US35,12,4685,677,2990,469,4505,663,2885,471
New Mexico,Hispanic or Latino,0400000US35,13,1051625,0,759460,0,964695,3456,676965,3309
New York,Total,0400000US36,1,19994380,0,15865935,390,18173090,16532,14187230,14579
New York,Not Hispanic or Latino,0400000US36,2,16098665,0,12998300,385,15017230,11062,12000400,9725
New York,American Indian or Alaska Native Alone,0400000US36,3,41075,1573,31110,1204,39325,1583,29595,1201
New York,Asian Alone,0400000US36,4,1803910,4362,1455815,3048,1315440,6409,1002120,5705
New York,Black or African American Alone,0400000US36,5,2867740,6323,2264230,4213,2624140,7747,2042500,5969
New York,Native Hawaiian or Other Pacific Islander Alone,0400000US36,6,8930,483,7075,439,7305,673,5525,610
New York,White Alone,0400000US36,7,10923210,31,8971460,31,10605775,6836,8676190,5922
New York,American Indian or Alaska Native and White,0400000US36,8,50150,1579,39125,1257,49765,1557,38740,1232
New York,Asian and White,0400000US36,9,143935,4282,77570,3048,127450,3490,64645,2571
New York,Black or African American and White,0400000US36,10,174995,5203,91000,3379,169085,5108,85530,3284
New York,American Indian or Alaska Native and Black or African American,0400000US36,11,17855,1348,14760,1086,17385,1336,14300,1073
New York,Remainder of Two or More Race Responses,0400000US36,12,66860,3337,46160,2536,61555,3104,41255,2325
New York,Hispanic or Latino,0400000US36,13,3895715,0,2867635,0,3155860,10606,2186830,9358
North Carolina,Total,0400000US37,1,10470215,0,8186325,504,9969260,7432,7734315,6620
North Carolina,Not Hispanic or Latino,0400000US37,2,9419205,247,7527510,484,9214180,5231,7345950,4504
North Carolina,American Indian or Alaska Native Alone,0400000US37,3,92160,1014,71020,796,91940,1022,70805,816
North Carolina,Asian Alone,0400000US37,4,326350,2330,251285,1755,223385,3519,159950,2729
North Carolina,Black or African American Alone,0400000US37,5,2178050,5476,1685415,3249,2142930,6097,1655635,4004
North Carolina,Native Hawaiian or Other Pacific Islander Alone,0400000US37,6,6205,598,4870,477,5545,563,4210,440
North Carolina,White Alone,0400000US37,7,6515480,32,5348785,32,6454880,2867,5293570,2643
North Carolina,American Indian or Alaska Native and White,0400000US37,8,57230,1205,43870,953,57160,1205,43800,952
North Carolina,Asian and White,0400000US37,9,54430,2151,27735,1467,51850,1918,25725,1263
North Carolina,Black or African American and White,0400000US37,10,125655,4932,54480,2694,124520,4894,53455,2632
North Carolina,American Indian or Alaska Native and Black or African American,0400000US37,11,20380,1842,14325,1372,20325,1838,14270,1366
North Carolina,Remainder of Two or More Race Responses,0400000US37,12,43265,2789,25725,1821,41645,2652,24535,1748
North Carolina,Hispanic or Latino,0400000US37,13,1051010,246,658815,406,755080,4994,388365,4842
North Dakota,Total,0400000US38,1,776875,0,594140,251,756015,1284,575815,1093
North Dakota,Not Hispanic or Latino,0400000US38,2,743685,138,573735,247,725130,1120,557655,903
North Dakota,American Indian or Alaska Native Alone,0400000US38,3,34295,729,22005,555,34245,736,21985,553
North Dakota,Asian Alone,0400000US38,4,12385,545,9765,353,5565,449,3815,360
North Dakota,Black or African American Alone,0400000US38,5,24960,830,17150,530,18220,1038,11515,702
North Dakota,Native Hawaiian or Other Pacific Islander Alone,0400000US38,6,1470,538,1070,352,1085,393,800,314
North Dakota,White Alone,0400000US38,7,649540,33,512515,35,645370,651,508645,581
North Dakota,American Indian or Alaska Native and White,0400000US38,8,10775,734,6885,538,10770,735,6885,538
North Dakota,Asian and White,0400000US38,9,3915,538,1765,328,3805,513,1660,309
North Dakota,Black or African American and White,0400000US38,10,4455,666,1680,401,4235,671,1495,399
North Dakota,American Indian or Alaska Native and Black or African American,0400000US38,11,335,184,210,148,335,184,210,148
North Dakota,Remainder of Two or More Race Responses,0400000US38,12,1550,338,690,184,1495,336,645,172
North Dakota,Hispanic or Latino,0400000US38,13,33190,135,20405,189,30880,425,18165,437
Ohio,Total,0400000US39,1,11774685,0,9181360,465,11511065,6112,8948190,4832
Ohio,Not Hispanic or Latino,0400000US39,2,11280060,177,8861120,471,11081575,5097,8685755,4013
Ohio,American Indian or Alaska Native Alone,0400000US39,3,9250,595,7815,524,9180,592,7745,520
Ohio,Asian Alone,0400000US39,4,283970,2756,222760,1648,185640,3563,134840,2736
Ohio,Black or African American Alone,0400000US39,5,1445285,6172,1072620,3917,1402365,6243,1036850,4211
Ohio,Native Hawaiian or Other Pacific Islander Alone,0400000US39,6,3655,575,2875,485,3230,525,2445,484
Ohio,White Alone,0400000US39,7,9179135,149,7363890,140,9126770,2449,7316315,2013
Ohio,American Indian or Alaska Native and White,0400000US39,8,55725,603,44850,593,55640,615,44770,606
Ohio,Asian and White,0400000US39,9,61820,2867,31525,1633,59045,2832,29270,1523
Ohio,Black or African American and White,0400000US39,10,192040,5685,82870,3518,191085,5638,82145,3455
Ohio,American Indian or Alaska Native and Black or African American,0400000US39,11,13440,1656,10585,1241,13430,1655,10575,1239
Ohio,Remainder of Two or More Race Responses,0400000US39,12,35735,2196,21330,1471,35185,2203,20800,1456
Ohio,Hispanic or Latino,0400000US39,13,494625,177,320240,226,429490,2856,262435,2288
Oklahoma,Total,0400000US40,1,3970495,0,3020055,339,3823590,3298,2884230,3017
Oklahoma,Not Hispanic or Latino,0400000US40,2,3511810,0,2737555,298,3461380,2083,2691370,1939
Oklahoma,American Indian or Alaska Native Alone,0400000US40,3,279115,2874,201215,1928,278795,2896,200950,1954
Oklahoma,Asian Alone,0400000US40,4,91495,1414,71660,926,66665,1766,49050,1284
Oklahoma,Black or African American Alone,0400000US40,5,279335,2291,209350,1473,272545,2231,203375,1466
Oklahoma,Native Hawaiian or Other Pacific Islander Alone,0400000US40,6,6250,333,4240,240,3910,348,2020,329
Oklahoma,White Alone,0400000US40,7,2552860,33,2063625,33,2538150,1249,2049840,1171
Oklahoma,American Indian or Alaska Native and White,0400000US40,8,191805,2653,130645,1723,191705,2657,130570,1723
Oklahoma,Asian and White,0400000US40,9,20110,1335,11205,845,19385,1283,10550,815
Oklahoma,Black or African American and White,0400000US40,10,48280,1804,21040,1107,47860,1804,20630,1109
Oklahoma,American Indian or Alaska Native and Black or African American,0400000US40,11,18440,1280,11865,867,18440,1280,11865,867
Oklahoma,Remainder of Two or More Race Responses,0400000US40,12,24125,1250,12710,812,23930,1241,12525,817
Oklahoma,Hispanic or Latino,0400000US40,13,458685,0,282500,98,362210,2377,192860,2178
Oregon,Total,0400000US41,1,4229375,0,3373395,332,4018560,5299,3177375,4655
Oregon,Not Hispanic or Latino,0400000US41,2,3646310,0,2986525,327,3550285,3225,2899680,2770
Oregon,American Indian or Alaska Native Alone,0400000US41,3,31675,1317,24910,997,31555,1321,24790,998
Oregon,Asian Alone,0400000US41,4,186980,2567,153945,2084,140050,2476,111170,2146
Oregon,Black or African American Alone,0400000US41,5,77855,2068,59565,1362,71575,2285,54315,1552
Oregon,Native Hawaiian or Other Pacific Islander Alone,0400000US41,6,16420,634,12375,456,13115,696,9315,597
Oregon,White Alone,0400000US41,7,3152115,7,2616690,5,3115370,1977,2583335,1655
Oregon,American Indian or Alaska Native and White,0400000US41,8,60330,1331,47790,1058,60040,1312,47500,1047
Oregon,Asian and White,0400000US41,9,58530,2158,34365,1629,57280,2115,33360,1604
Oregon,Black or African American and White,0400000US41,10,33985,1860,18295,1169,33290,1904,17660,1189
Oregon,American Indian or Alaska Native and Black or African American,0400000US41,11,1310,338,1035,293,1310,338,1035,293
Oregon,Remainder of Two or More Race Responses,0400000US41,12,27110,1846,17560,1194,26690,1841,17195,1179
Oregon,Hispanic or Latino,0400000US41,13,583065,0,386870,43,468280,3912,277695,3562
Pennsylvania,Total,0400000US42,1,12989210,0,10324645,315,12570025,6884,9949675,5569
Pennsylvania,Not Hispanic or Latino,0400000US42,2,11934100,52,9625385,294,11648050,5824,9368590,4782
Pennsylvania,American Indian or Alaska Native Alone,0400000US42,3,8555,618,6785,486,8415,607,6640,472
Pennsylvania,Asian Alone,0400000US42,4,474045,2981,374505,2142,331995,3754,246240,2769
Pennsylvania,Black or African American Alone,0400000US42,5,1363540,5905,1034210,3784,1313005,6752,989915,4249
Pennsylvania,Native Hawaiian or Other Pacific Islander Alone,0400000US42,6,2980,465,2470,417,2750,460,2255,416
Pennsylvania,White Alone,0400000US42,7,9775695,27,8039240,49,9690980,3117,7962650,2674
Pennsylvania,American Indian or Alaska Native and White,0400000US42,8,37870,669,29750,554,37775,660,29655,549
Pennsylvania,Asian and White,0400000US42,9,71295,2907,35985,2017,67260,2644,32520,1717
Pennsylvania,Black or African American and White,0400000US42,10,152165,4528,70545,2896,150035,4294,68765,2723
Pennsylvania,American Indian or Alaska Native and Black or African American,0400000US42,11,10870,1341,8520,1057,10775,1342,8425,1055
Pennsylvania,Remainder of Two or More Race Responses,0400000US42,12,37080,2911,23375,1962,35060,2847,21525,1891
Pennsylvania,Hispanic or Latino,0400000US42,13,1055110,50,699260,105,921975,4142,581080,3601
Rhode Island,Total,0400000US44,1,1094250,0,885925,96,1024720,3296,824515,2734
Rhode Island,Not Hispanic or Latino,0400000US44,2,911055,0,760165,96,878260,2123,730230,1824
Rhode Island,American Indian or Alaska Native Alone,0400000US44,3,2335,453,1710,308,2335,453,1710,308
Rhode Island,Asian Alone,0400000US44,4,37895,887,30345,589,26125,1225,19895,1000
Rhode Island,Black or African American Alone,0400000US44,5,67025,1281,51595,736,59695,1483,45025,1110
Rhode Island,Native Hawaiian or Other Pacific Islander Alone,0400000US44,6,580,181,520,158,490,182,430,172
Rhode Island,White Alone,0400000US44,7,775890,34,659275,34,762880,1431,646815,1372
Rhode Island,American Indian or Alaska Native and White,0400000US44,8,5180,449,4195,303,5175,452,4185,305
Rhode Island,Asian and White,0400000US44,9,6855,836,3820,569,6725,816,3685,547
Rhode Island,Black or African American and White,0400000US44,10,11115,1279,5445,746,10675,1182,5220,713
Rhode Island,American Indian or Alaska Native and Black or African American,0400000US44,11,1180,315,1120,288,1180,315,1120,288
Rhode Island,Remainder of Two or More Race Responses,0400000US44,12,2990,516,2140,460,2980,516,2140,460
Rhode Island,Hispanic or Latino,0400000US44,13,183195,0,125760,0,146455,2705,94285,2188
South Carolina,Total,0400000US45,1,5142750,0,4038825,491,4994295,3744,3905590,3276
South Carolina,Not Hispanic or Latino,0400000US45,2,4823875,143,3832490,358,4759725,2977,3775535,2502
South Carolina,American Indian or Alaska Native Alone,0400000US45,3,10425,716,8675,642,10420,717,8670,643
South Carolina,Asian Alone,0400000US45,4,87165,1412,69595,1020,62175,1493,47030,1413
South Carolina,Black or African American Alone,0400000US45,5,1323130,4350,1011920,2148,1314135,4423,1004500,2211
South Carolina,Native Hawaiian or Other Pacific Islander Alone,0400000US45,6,2470,406,1545,281,2040,404,1170,290
South Carolina,White Alone,0400000US45,7,3268245,32,2669475,32,3240130,2138,2644365,1747
South Carolina,American Indian or Alaska Native and White,0400000US45,8,25070,771,20125,704,25005,765,20060,700
South Carolina,Asian and White,0400000US45,9,22530,1355,12545,969,21650,1262,11795,916
South Carolina,Black or African American and White,0400000US45,10,64400,3512,24680,1380,64075,3482,24365,1378
South Carolina,American Indian or Alaska Native and Black or African American,0400000US45,11,6135,973,4830,700,6135,973,4830,700
South Carolina,Remainder of Two or More Race Responses,0400000US45,12,14315,1666,9100,1172,13960,1688,8755,1164
South Carolina,Hispanic or Latino,0400000US45,13,318875,143,206330,374,234570,2620,130055,2336
South Dakota,Total,0400000US46,1,890340,0,673730,330,870975,1502,656515,1312
South Dakota,Not Hispanic or Latino,0400000US46,2,851145,218,650690,299,837815,1349,638910,1076
South Dakota,American Indian or Alaska Native Alone,0400000US46,3,67465,898,42450,670,67450,899,42430,669
South Dakota,Asian Alone,0400000US46,4,12560,651,9735,422,7675,687,5280,521
South Dakota,Black or African American Alone,0400000US46,5,19205,798,12885,380,14380,1054,8790,740
South Dakota,Native Hawaiian or Other Pacific Islander Alone,0400000US46,6,510,288,410,217,280,133,245,127
South Dakota,White Alone,0400000US46,7,723620,4,570295,90,720555,730,567515,630
South Dakota,American Indian or Alaska Native and White,0400000US46,8,15795,993,9615,703,15795,993,9615,703
South Dakota,Asian and White,0400000US46,9,3890,494,2055,289,3760,489,1945,278
South Dakota,Black or African American and White,0400000US46,10,5360,614,2000,295,5270,617,1940,302
South Dakota,American Indian or Alaska Native and Black or African American,0400000US46,11,685,268,250,118,685,268,250,118
South Dakota,Remainder of Two or More Race Responses,0400000US46,12,2060,522,990,275,1970,481,900,245
South Dakota,Hispanic or Latino,0400000US46,13,39195,218,23040,235,33160,619,17605,581
Tennessee,Total,0400000US47,1,6923770,0,5397290,741,6704315,5252,5206670,4331
Tennessee,Not Hispanic or Latino,0400000US47,2,6511150,299,5144005,651,6416530,3845,5061805,3116
Tennessee,American Indian or Alaska Native Alone,0400000US47,3,8260,583,7075,504,8210,587,7040,510
Tennessee,Asian Alone,0400000US47,4,128880,1641,101035,1128,89540,2122,66420,1623
Tennessee,Black or African American Alone,0400000US47,5,1126240,3587,846175,2426,1108725,3952,831290,2629
Tennessee,Native Hawaiian or Other Pacific Islander Alone,0400000US47,6,3210,421,2430,293,2605,389,1830,265
Tennessee,White Alone,0400000US47,7,5072010,294,4089215,253,5036690,3269,4058680,2450
Tennessee,American Indian or Alaska Native and White,0400000US47,8,42900,850,34805,686,42880,851,34785,687
Tennessee,Asian and White,0400000US47,9,28800,1625,15655,1138,27615,1536,14675,1073
Tennessee,Black or African American and White,0400000US47,10,79785,3342,33455,1896,79415,3359,33135,1891
Tennessee,American Indian or Alaska Native and Black or African American,0400000US47,11,5730,1200,4465,840,5675,1200,4415,848
Tennessee,Remainder of Two or More Race Responses,0400000US47,12,15340,1371,9695,989,15175,1350,9530,961
Tennessee,Hispanic or Latino,0400000US47,13,412620,298,253290,379,287780,3411,144865,2759
Texas,Total,0400000US48,1,29243340,0,21847215,890,26293080,27893,19161405,24060
Texas,Not Hispanic or Latino,0400000US48,2,17578060,0,13816585,832,16764895,13257,13112305,10452
Texas,American Indian or Alaska Native Alone,0400000US48,3,50345,1742,40685,1431,49925,1734,40300,1424
Texas,Asian Alone,0400000US48,4,1498765,4895,1165335,3184,1053180,7820,771575,5729
Texas,Black or African American Alone,0400000US48,5,3481450,8815,2616425,4684,3337795,10199,2496900,6679
Texas,Native Hawaiian or Other Pacific Islander Alone,0400000US48,6,23755,1379,18710,945,20400,1270,15595,950
Texas,White Alone,0400000US48,7,11886680,579,9606550,539,11684620,6243,9432820,4862
Texas,American Indian or Alaska Native and White,0400000US48,8,139650,1879,112585,1693,139310,1908,112275,1723
Texas,Asian and White,0400000US48,9,158585,4972,83525,3092,148140,4424,76180,2908
Texas,Black or African American and White,0400000US48,10,224895,7679,100285,3919,221510,7634,97530,3921
Texas,American Indian or Alaska Native and Black or African American,0400000US48,11,24130,1821,19265,1402,24050,1819,19190,1398
Texas,Remainder of Two or More Race Responses,0400000US48,12,89800,4150,53220,2756,85960,4034,49940,2704
Texas,Hispanic or Latino,0400000US48,13,11665280,0,8030630,299,9528190,22723,6049105,20252
Utah,Total,0400000US49,1,3283810,0,2347810,270,3127110,4122,2204520,3646
Utah,Not Hispanic or Latino,0400000US49,2,2802965,56,2039170,217,2748470,2778,1990785,2300
Utah,American Indian or Alaska Native Alone,0400000US49,3,23810,996,17995,780,23700,995,17890,773
Utah,Asian Alone,0400000US49,4,77270,1750,63170,1236,53515,1875,42015,1471
Utah,Black or African American Alone,0400000US49,5,35650,1285,24710,818,31060,1310,20720,887
Utah,Native Hawaiian or Other Pacific Islander Alone,0400000US49,6,30210,1226,20625,707,26170,1473,17045,901
Utah,White Alone,0400000US49,7,2544630,198,1862875,188,2524220,1429,1844615,1254
Utah,American Indian or Alaska Native and White,0400000US49,8,18805,1071,12650,827,18725,1072,12580,826
Utah,Asian and White,0400000US49,9,31805,1754,16575,1085,31215,1805,16080,1126
Utah,Black or African American and White,0400000US49,10,16480,1144,8065,757,16055,1204,7735,800
Utah,American Indian or Alaska Native and Black or African American,0400000US49,11,810,340,485,245,810,340,485,245
Utah,Remainder of Two or More Race Responses,0400000US49,12,23500,1513,12020,910,23005,1487,11620,904
Utah,Hispanic or Latino,0400000US49,13,480845,56,308640,137,378635,3578,213740,3120
Vermont,Total,0400000US50,1,643815,0,527000,133,632335,806,516775,788
Vermont,Not Hispanic or Latino,0400000US50,2,630025,0,516620,67,619235,802,507050,780
Vermont,American Indian or Alaska Native Alone,0400000US50,3,1000,159,805,125,980,156,790,125
Vermont,Asian Alone,0400000US50,4,10705,675,8750,491,7270,638,5760,530
Vermont,Black or African American Alone,0400000US50,5,7975,505,5925,316,6540,561,4790,427
Vermont,Native Hawaiian or Other Pacific Islander Alone,0400000US50,6,135,72,110,66,135,72,110,66
Vermont,White Alone,0400000US50,7,594540,23,490890,23,589270,595,485990,573
Vermont,American Indian or Alaska Native and White,0400000US50,8,5840,159,4785,135,5835,158,4780,135
Vermont,Asian and White,0400000US50,9,4755,696,2755,502,4245,474,2295,351
Vermont,Black or African American and White,0400000US50,10,3540,426,1650,273,3490,423,1615,264
Vermont,American Indian or Alaska Native and Black or African American,0400000US50,11,330,235,235,142,330,235,235,142
Vermont,Remainder of Two or More Race Responses,0400000US50,12,1205,233,715,154,1140,218,690,148
Vermont,Hispanic or Latino,0400000US50,13,13795,0,10375,116,13100,179,9725,216
Virginia,Total,0400000US51,1,8624510,0,6747685,723,8145350,9316,6322255,7791
Virginia,Not Hispanic or Latino,0400000US51,2,7759495,427,6156835,630,7498105,6120,5925255,5046
Virginia,American Indian or Alaska Native Alone,0400000US51,3,11720,696,9915,621,11615,695,9830,618
Virginia,Asian Alone,0400000US51,4,585385,3389,464710,2258,447340,4073,339865,3361
Virginia,Black or African American Alone,0400000US51,5,1617215,4410,1256940,2837,1572900,4830,1219510,3223
Virginia,Native Hawaiian or Other Pacific Islander Alone,0400000US51,6,5515,525,4430,414,5115,521,4040,413
Virginia,White Alone,0400000US51,7,5233505,116,4250835,114,5163095,3270,4188365,2626
Virginia,American Indian or Alaska Native and White,0400000US51,8,36080,895,28810,836,36015,896,28755,837
Virginia,Asian and White,0400000US51,9,97065,2957,53595,2033,91635,2688,49715,1837
Virginia,Black or African American and White,0400000US51,10,118730,3552,52655,2197,117500,3535,51535,2182
Virginia,American Indian or Alaska Native and Black or African American,0400000US51,11,11930,1389,9205,1052,11910,1392,9185,1053
Virginia,Remainder of Two or More Race Responses,0400000US51,12,42350,2345,25735,1687,40975,2255,24460,1575
Virginia,Hispanic or Latino,0400000US51,13,865015,427,590850,599,647245,6520,397000,5443
Washington,Total,0400000US53,1,7688550,0,6025550,335,7097800,9301,5488695,7989
Washington,Not Hispanic or Latino,0400000US53,2,6651395,68,5361090,332,6279640,6429,5026715,5154
Washington,American Indian or Alaska Native Alone,0400000US53,3,68290,1894,52555,1389,67580,1905,51945,1402
Washington,Asian Alone,0400000US53,4,707055,3658,581395,2578,493245,4281,386125,3555
Washington,Black or African American Alone,0400000US53,5,295470,3544,226390,2188,264530,3490,198255,2470
Washington,Native Hawaiian or Other Pacific Islander Alone,0400000US53,6,52040,1396,38565,965,41745,1344,29970,985
Washington,White Alone,0400000US53,7,5119455,30,4218855,30,5012815,4026,4124175,3419
Washington,American Indian or Alaska Native and White,0400000US53,8,91990,1848,70655,1451,91560,1807,70225,1410
Washington,Asian and White,0400000US53,9,146990,3689,78800,2434,140865,3340,74595,2229
Washington,Black or African American and White,0400000US53,10,88720,3379,44975,1978,87375,3374,43885,1971
Washington,American Indian or Alaska Native and Black or African American,0400000US53,11,6255,863,4765,669,6210,860,4720,664
Washington,Remainder of Two or More Race Responses,0400000US53,12,75130,3286,44135,2292,73720,3239,42815,2265
Washington,Hispanic or Latino,0400000US53,13,1037155,69,664460,116,818160,5885,461980,5025
West Virginia,Total,0400000US54,1,1792965,0,1433185,584,1780025,1034,1421320,1000
West Virginia,Not Hispanic or Latino,0400000US54,2,1760055,606,1410855,568,1750400,1136,1402080,895
West Virginia,American Indian or Alaska Native Alone,0400000US54,3,1505,247,1185,217,1505,247,1185,217
West Virginia,Asian Alone,0400000US54,4,13755,573,11400,438,9875,589,7860,432
West Virginia,Black or African American Alone,0400000US54,5,61615,1241,50955,882,60295,1249,49790,889
West Virginia,Native Hawaiian or Other Pacific Islander Alone,0400000US54,6,630,285,480,199,630,285,480,199
West Virginia,White Alone,0400000US54,7,1640475,258,1324135,197,1636315,752,1320355,568
West Virginia,American Indian or Alaska Native and White,0400000US54,8,11870,456,9635,396,11865,456,9635,395
West Virginia,Asian and White,0400000US54,9,5225,556,2910,411,5025,543,2710,388
West Virginia,Black or African American and White,0400000US54,10,20920,1312,7645,704,20855,1299,7580,694
West Virginia,American Indian or Alaska Native and Black or African American,0400000US54,11,475,178,435,172,475,178,435,172
West Virginia,Remainder of Two or More Race Responses,0400000US54,12,3585,641,2075,353,3560,639,2050,352
West Virginia,Hispanic or Latino,0400000US54,13,32910,606,22330,438,29625,811,19245,617
Wisconsin,Total,0400000US55,1,5882130,0,4612985,231,5727990,3221,4473075,2820
Wisconsin,Not Hispanic or Latino,0400000US55,2,5451150,0,4343320,235,5374135,2641,4275495,2137
Wisconsin,American Indian or Alaska Native Alone,0400000US55,3,36600,883,27845,693,36555,879,27800,694
Wisconsin,Asian Alone,0400000US55,4,169400,1729,124115,1008,126885,1970,86625,1446
Wisconsin,Black or African American Alone,0400000US55,5,359375,2659,252080,1423,351100,2994,245455,1719
Wisconsin,Native Hawaiian or Other Pacific Islander Alone,0400000US55,6,1900,326,1320,268,1765,319,1200,273
Wisconsin,White Alone,0400000US55,7,4738435,16,3860845,49,4714285,1651,3838840,1477
Wisconsin,American Indian or Alaska Native and White,0400000US55,8,37635,891,26680,695,37570,893,26615,696
Wisconsin,Asian and White,0400000US55,9,35200,1789,17810,972,33840,1738,16770,909
Wisconsin,Black or African American and White,0400000US55,10,57760,2436,23965,1247,57450,2437,23675,1244
Wisconsin,American Indian or Alaska Native and Black or African American,0400000US55,11,3490,701,2185,447,3490,701,2185,447
Wisconsin,Remainder of Two or More Race Responses,0400000US55,12,11355,907,6485,713,11200,895,6330,693
Wisconsin,Hispanic or Latino,0400000US55,13,430975,0,269670,68,353855,2282,197580,2082
Wyoming,Total,0400000US56,1,577930,0,445575,333,566080,914,434425,847
Wyoming,Not Hispanic or Latino,0400000US56,2,517410,107,405735,312,512980,511,401575,524
Wyoming,American Indian or Alaska Native Alone,0400000US56,3,10820,396,7480,314,10820,395,7480,314
Wyoming,Asian Alone,0400000US56,4,4765,352,3845,279,3140,326,2370,293
Wyoming,Black or African American Alone,0400000US56,5,4525,439,3505,331,4230,429,3225,318
Wyoming,Native Hawaiian or Other Pacific Islander Alone,0400000US56,6,535,211,495,208,505,209,465,206
Wyoming,White Alone,0400000US56,7,482620,51,381530,49,480185,438,379200,421
Wyoming,American Indian or Alaska Native and White,0400000US56,8,6490,516,4785,377,6490,516,4785,377
Wyoming,Asian and White,0400000US56,9,2745,353,1725,267,2725,355,1705,272
Wyoming,Black or African American and White,0400000US56,10,2865,417,1160,268,2860,418,1150,270
Wyoming,American Indian or Alaska Native and Black or African American,0400000US56,11,90,64,45,43,90,64,45,43
Wyoming,Remainder of Two or More Race Responses,0400000US56,12,1955,406,1170,283,1925,404,1140,275
Wyoming,Hispanic or Latino,0400000US56,13,60520,108,39840,166,53100,787,32855,693
Puerto Rico,Total,0400000US72,1,3272380,0,2706205,0,3227510,2387,2664590,2120
Puerto Rico,Not Hispanic or Latino,0400000US72,2,41055,2648,34285,2140,37925,2579,31295,2109
Puerto Rico,American Indian or Alaska Native Alone,0400000US72,3,110,102,100,89,80,78,65,74
Puerto Rico,Asian Alone,0400000US72,4,2920,690,2530,560,1755,490,1430,362
Puerto Rico,Black or African American Alone,0400000US72,5,4930,694,4215,651,4455,685,3755,640
Puerto Rico,Native Hawaiian or Other Pacific Islander Alone,0400000US72,6,0,35,0,35,0,35,0,35
Puerto Rico,White Alone,0400000US72,7,30785,2152,25625,1791,29375,2138,24275,1789
Puerto Rico,American Indian or Alaska Native and White,0400000US72,8,25,34,25,34,25,34,25,34
Puerto Rico,Asian and White,0400000US72,9,425,375,370,347,390,374,340,345
Puerto Rico,Black or African American and White,0400000US72,10,1100,365,745,299,1100,365,745,299
Puerto Rico,American Indian or Alaska Native and Black or African American,0400000US72,11,30,47,30,47,30,47,30,47
Puerto Rico,Remainder of Two or More Race Responses,0400000US72,12,730,321,645,260,715,321,630,260
Puerto Rico,Hispanic or Latino,0400000US72,13,3231325,2649,2671920,2141,3189585,3682,2633290,3147
